{"cameraMode":{"drawMode":0,"name":"Shaded","section":"Shading Mode"},"sceneLighting":false,"audioPlay":false,"sceneViewState":{"showFog":true,"showMaterialUpdate":false,"showSkybox":true,"showFlares":true,"showImageEffects":true,"showParticleSystems":true},"in2DMode":false,"pivot":{"x":-224.87176513671876,"y":300.09832763671877,"z":-2.8438034057617189},"rotation":{"x":-0.032457951456308368,"y":-0.18099920451641084,"z":0.00597777683287859,"w":-0.9829293489456177},"size":26.023548126220704,"orthographic":false}